Div,Date,HomeTeam,AwayTeam,FTHG,FTAG,FTR,HTHG,HTAG,HTR,Referee,HS,AS,HST,AST,HF,AF,HC,AC,HY,AY,HR,AR,B365H,B365D,B365A,BWH,BWD,BWA,IWH,IWD,IWA,LBH,LBD,LBA,PSH,PSD,PSA,WHH,WHD,WHA,SJH,SJD,SJA,VCH,VCD,VCA,Bb1X2,BbMxH,BbAvH,BbMxD,BbAvD,BbMxA,BbAvA,BbOU,BbMx>2.5,BbAv>2.5,BbMx<2.5,BbAv<2.5,BbAH,BbAHh,BbMxAHH,BbAvAHH,BbMxAHA,BbAvAHA
E0,10/1/2015,Burnley,QPR,2,1,H,2,1,H,A Marriner,18,17,7,7,14,9,10,6,2,2,0,0,2.2,3.4,3.6,2.2,3.25,3.25,2.2,3.2,3.2,2.2,3.3,3.4,2.16,3.47,3.7,2.2,3.3,3.3,,,,2.2,3.4,3.6,46,2.25,2.14,3.5,3.36,3.77,3.48,44,2.14,2.03,1.87,1.78,26,-0.25,1.89,1.83,2.1,2.04
E0,10/1/2015,Chelsea,Newcastle,2,0,H,1,0,H,R East,9,11,5,5,13,13,7,4,2,3,0,0,1.2,7.5,17,1.2,6,14.5,1.22,5.5,12,1.2,6.5,17,1.2,7.5,17.8,1.22,5.5,15,,,,1.2,7.5,18,46,1.24,1.19,7.7,6.84,18.38,15.17,36,1.61,1.56,2.62,2.38,31,-2,2.05,1.96,1.98,1.91
E0,10/1/2015,Crystal Palace,Tottenham,2,1,H,0,0,D,A Taylor,21,9,7,5,9,14,4,6,5,3,0,0,3.5,3.5,2.2,3.4,3.3,2.3,3.3,3.3,2.1,3.6,3.4,2.15,3.69,3.42,2.19,3.3,3.3,2.2,,,,3.6,3.4,2.2,46,3.75,3.48,3.5,3.35,2.23,2.15,44,2.19,2.08,1.88,1.74,26,0.25,2.05,2.01,1.91,1.86
E0,10/1/2015,Everton,Man City,1,1,D,0,0,D,M Atkinson,11,18,4,2,9,10,4,9,1,2,0,0,4.5,3.75,1.85,4,3.4,1.9,3.8,3.45,1.9,4.33,3.75,1.85,4.52,3.81,1.86,4.33,3.3,1.91,,,,4.2,3.75,1.92,46,4.55,4.22,3.89,3.61,1.92,1.86,44,1.76,1.7,2.28,2.14,27,0.5,2.08,2.01,1.89,1.85
E0,10/1/2015,Leicester,Aston Villa,1,0,H,1,0,H,M Oliver,11,12,3,1,18,6,6,6,1,1,1,1,2.2,3.4,3.6,2.2,3.2,3.3,2.3,3.3,2.9,2.2,3.25,3.5,2.18,3.29,3.89,2.2,3.1,3.5,,,,2.2,3.25,3.8,46,2.3,2.17,3.4,3.24,3.86,3.55,42,2.4,2.27,1.68,1.62,26,-0.25,1.9,1.84,2.1,2.04
E0,10/1/2015,Sunderland,Liverpool,0,1,A,0,1,A,C Pawson,5,21,1,4,12,11,6,6,1,4,1,0,4.5,3.6,1.91,3.8,3.5,1.91,4,3.45,1.85,4,3.5,1.95,4.58,3.59,1.91,4.33,3.2,1.95,,,,4.4,3.5,1.95,45,4.55,4.21,3.65,3.46,1.97,1.91,44,2.04,1.94,1.94,1.85,26,0.5,2.03,1.97,1.93,1.9
E0,10/1/2015,Swansea,West Ham,1,1,D,0,1,A,M Dean,19,11,3,5,9,7,4,5,0,1,0,0,2.25,3.5,3.4,2.25,3.2,3.2,2.2,3.2,3.2,2.3,3.4,3.2,2.24,3.42,3.55,2.3,3.2,3.2,,,,2.25,3.4,3.5,46,2.3,2.22,3.5,3.34,3.54,3.32,45,2.06,1.96,1.97,1.84,26,-0.25,1.96,1.89,2.02,1.97
E0,10/1/2015,West Brom,Hull,1,0,H,0,0,D,N Swarbrick,9,12,3,2,5,13,5,2,1,0,0,0,2.05,3.4,4.2,2.05,3.4,3.5,2,3.3,3.6,2.05,3.25,4,2.04,3.32,4.4,2.05,3.1,4,,,,2.05,3.4,4.1,46,2.1,2.02,3.4,3.27,4.32,3.97,41,2.59,2.41,1.67,1.56,27,-0.5,2.06,2.02,1.9,1.86
E0,11/1/2015,Arsenal,Stoke,3,0,H,2,0,H,J Moss,14,7,6,2,11,11,9,1,0,3,0,0,1.44,4.75,8,1.48,4.5,7.5,1.45,4,7,1.5,4.33,7,1.47,4.58,8.17,1.44,4.2,8,,,,1.5,4.5,8,46,1.5,1.46,4.9,4.37,8.17,7.37,44,1.85,1.76,2.18,2.05,29,-1,1.8,1.76,2.22,2.13
E0,11/1/2015,Man United,Southampton,0,1,A,0,0,D,P Dowd,10,9,0,1,9,10,3,5,2,3,0,0,1.83,3.75,4.75,1.87,3.8,4.25,1.7,3.6,4.7,1.83,3.6,4.5,1.85,3.7,4.8,1.85,3.4,4.5,,,,1.83,3.7,4.8,46,1.88,1.81,3.77,3.59,4.95,4.54,45,2.11,2,1.93,1.8,26,-0.5,1.85,1.81,2.11,2.06
E0,17/01/15,Aston Villa,Liverpool,0,2,A,0,1,A,M Clattenburg,15,12,4,5,13,11,9,5,1,1,0,0,4.5,3.6,1.91,4,3.4,1.91,3.8,3.45,1.9,4.5,3.5,1.85,4.88,3.55,1.88,4.33,3.3,1.91,,,,4.75,3.4,1.91,47,5,4.48,3.6,3.44,1.94,1.87,45,2.2,2.12,1.81,1.71,27,0.5,2.05,2,1.91,1.87
E0,17/01/15,Burnley,Crystal Palace,2,3,A,2,1,H,P Dowd,7,11,4,4,10,20,5,7,1,3,0,0,2.55,3.25,3.1,2.55,3.25,2.9,2.4,3.2,2.85,2.4,3.2,3.2,2.57,3.22,3.13,2.5,3.2,2.9,,,,2.55,3.2,3.12,48,2.6,2.48,3.3,3.17,3.25,3.02,45,2.43,2.31,1.68,1.6,29,0,1.81,1.76,2.17,2.11
E0,17/01/15,Leicester,Stoke,0,1,A,0,0,D,A Marriner,7,13,3,3,9,6,6,5,1,0,0,0,2.63,3.3,2.9,2.62,3.25,2.65,2.5,3.2,2.75,2.62,3.25,2.8,2.61,3.27,3.02,2.62,3.1,2.8,,,,2.62,3.2,3,48,2.68,2.56,3.4,3.2,3.06,2.89,45,2.35,2.24,1.7,1.64,30,0,1.87,1.8,2.12,2.05
E0,17/01/15,Newcastle,Southampton,1,2,A,1,1,D,R Madley,16,5,3,3,9,8,9,0,0,2,0,0,3.3,3.3,2.38,2.9,3.25,2.4,3.2,3.2,2.2,3.2,3.4,2.3,3.32,3.36,2.38,3.1,3.1,2.4,,,,3.3,3.3,2.4,48,3.4,3.17,3.45,3.26,2.45,2.34,46,2.24,2.1,1.81,1.72,27,0.25,1.88,1.84,2.08,2.02
E0,17/01/15,QPR,Man United,0,2,A,0,0,D,N Swarbrick,18,12,4,7,12,10,3,3,3,2,0,0,6,4.2,1.62,4.75,4,1.65,5,3.9,1.6,5.25,4,1.66,6.29,4.13,1.62,5.5,3.6,1.67,,,,6,4.2,1.62,48,6.4,5.77,4.3,3.92,1.67,1.61,47,1.85,1.79,2.14,2.01,31,1,1.85,1.8,2.14,2.07
E0,17/01/15,Swansea,Chelsea,0,5,A,0,4,A,J Moss,11,21,0,11,9,13,1,2,0,0,0,0,7,4.2,1.55,6,3.9,1.55,5.6,3.9,1.55,6.5,4,1.57,7.17,4.15,1.56,7,3.6,1.57,,,,7,4.1,1.57,48,7.3,6.64,4.24,3.96,1.59,1.55,47,2.1,2,1.92,1.8,32,1,1.96,1.89,2.03,1.98
E0,17/01/15,Tottenham,Sunderland,2,1,H,1,1,D,C Foy,25,8,8,4,14,8,6,6,1,2,0,0,1.62,4.2,6,1.62,3.9,5,1.55,3.9,5.6,1.61,4,5.5,1.59,4.26,6.4,1.62,3.6,6,,,,1.6,4.2,6.25,48,1.65,1.59,4.3,3.99,6.4,5.86,45,1.85,1.77,2.16,2.04,32,-1,2.08,2.02,1.92,1.84
E0,18/01/15,Man City,Arsenal,0,2,A,0,1,A,M Dean,12,9,4,3,12,5,16,3,3,3,0,0,1.8,4,4.5,1.8,3.7,4.1,1.8,3.5,4.2,1.8,3.8,4.5,1.8,4.06,4.57,1.83,3.8,4,,,,1.8,4,4.5,48,1.83,1.79,4.1,3.82,4.65,4.38,38,1.62,1.57,2.6,2.36,27,-0.75,2.05,2,1.9,1.87
E0,18/01/15,West Ham,Hull,3,0,H,0,0,D,M Atkinson,17,9,6,3,5,14,4,7,1,3,0,0,1.75,3.75,5.25,1.75,3.5,4.75,1.75,3.5,4.5,1.7,3.75,5.5,1.79,3.62,5.4,1.75,3.5,5,,,,1.75,3.7,5.5,48,1.8,1.74,3.75,3.56,5.5,5.13,46,2.22,2.11,1.8,1.72,27,-0.75,2.06,2,1.93,1.87
E0,19/01/15,Everton,West Brom,0,0,D,0,0,D,M Oliver,17,5,4,0,11,12,8,1,3,2,0,0,1.85,3.6,4.75,1.85,3.4,4.2,1.8,3.5,4.2,1.75,3.6,5,1.85,3.67,4.84,1.85,3.4,4.5,,,,1.85,3.6,4.8,48,1.88,1.83,3.75,3.52,5,4.58,46,2.14,2.06,1.89,1.76,28,-0.5,1.87,1.83,2.1,2.04
E0,31/01/15,Chelsea,Man City,1,1,D,1,1,D,M Clattenburg,3,10,2,5,12,14,1,4,0,2,0,0,2.15,3.5,3.6,2.15,3.4,3.5,1.9,3.45,3.8,2.15,3.4,3.6,2.16,3.52,3.66,2.15,3.2,3.6,,,,2.2,3.4,3.6,49,2.21,2.12,3.6,3.39,3.8,3.56,48,1.99,1.91,1.98,1.89,24,-0.5,2.19,2.12,1.81,1.77
E0,31/01/15,Crystal Palace,Everton,0,1,A,0,1,A,R East,13,14,3,2,12,14,6,1,0,3,0,0,2.8,3.3,2.75,2.8,3.1,2.75,2.6,3.2,2.6,2.75,3.25,2.62,2.8,3.24,2.82,2.7,3.1,2.7,,,,2.8,3.2,2.8,49,2.85,2.73,3.4,3.18,2.82,2.7,46,2.38,2.25,1.7,1.63,28,0,1.96,1.92,1.99,1.93
E0,31/01/15,Hull,Newcastle,0,3,A,0,1,A,P Dowd,13,12,8,5,15,13,3,3,4,1,0,0,2.7,3.25,2.88,2.7,3.2,2.8,2.5,3.2,2.75,2.62,3.1,2.9,2.65,3.23,3,2.7,3.1,2.7,,,,2.7,3.12,3,49,2.73,2.62,3.3,3.13,3,2.87,43,2.55,2.4,1.63,1.56,28,0,1.87,1.83,2.09,2.03
E0,31/01/15,Liverpool,West Ham,2,0,H,0,0,D,A Marriner,21,7,7,2,12,12,5,7,1,1,0,0,1.67,4,5.75,1.7,3.8,4.5,1.6,3.7,5.4,1.7,4,5,1.65,4.2,5.67,1.7,3.4,5.5,,,,1.67,4.1,5.5,48,1.7,1.65,4.2,3.91,6,5.38,46,1.8,1.72,2.23,2.11,30,-1,2.18,2.09,1.85,1.78
E0,31/01/15,Man United,Leicester,3,1,H,3,0,H,M Atkinson,12,4,5,1,8,12,4,3,0,1,0,0,1.36,5.5,9.5,1.36,5,7.5,1.3,5,9,1.36,5,9,1.36,5.28,10.15,1.36,4.5,10,,,,1.36,5.25,10,49,1.38,1.34,5.55,5.14,11,9.28,41,1.7,1.64,2.38,2.23,31,-1.5,2.14,2.06,1.87,1.81
E0,31/01/15,Stoke,QPR,3,1,H,2,1,H,M Dean,15,14,3,4,11,12,3,5,2,2,0,0,1.65,4,6,1.7,3.8,4.5,1.65,3.6,5.1,1.66,3.75,5.5,1.65,4.01,6.09,1.7,3.4,5.5,,,,1.62,4,6.5,49,1.7,1.64,4,3.76,6.5,5.71,47,2.16,2.05,1.83,1.76,26,-1,2.25,2.15,1.79,1.74
E0,31/01/15,Sunderland,Burnley,2,0,H,2,0,H,L Mason,8,13,3,4,12,12,6,3,3,1,0,0,2.25,3.3,3.6,2.25,3.2,3.2,2.1,3.2,3.4,2.15,3.25,3.75,2.25,3.32,3.64,2.25,3.1,3.4,,,,2.25,3.3,3.6,49,2.28,2.2,3.4,3.25,3.75,3.49,47,2.34,2.24,1.7,1.64,25,-0.25,1.95,1.91,2,1.96
E0,31/01/15,West Brom,Tottenham,0,3,A,0,2,A,K Friend,13,14,4,4,8,13,6,3,2,1,0,0,2.9,3.3,2.63,2.75,3.1,2.62,2.75,3.2,2.5,2.9,3.25,2.5,2.88,3.26,2.73,2.8,3.1,2.62,,,,2.9,3.25,2.7,49,3,2.84,3.35,3.21,2.73,2.59,47,2.28,2.16,1.75,1.69,28,0,2.06,2.01,1.92,1.85
E0,1/2/2015,Arsenal,Aston Villa,5,0,H,1,0,H,A Taylor,13,9,8,2,6,10,7,7,0,2,0,0,1.25,6.5,15,1.28,6,11,1.27,5.2,10,1.25,6,13,1.27,6.21,14.32,1.29,5,12,,,,1.29,5.75,13,49,1.29,1.26,6.5,5.82,15,12.66,44,1.72,1.65,2.33,2.22,29,-1.5,1.81,1.76,2.21,2.12
E0,1/2/2015,Southampton,Swansea,0,1,A,0,0,D,M Oliver,15,6,6,1,11,9,9,0,1,1,1,0,1.6,4,6.5,1.62,3.9,6,1.65,3.6,5.1,1.61,3.75,6,1.62,3.99,6.62,1.62,3.6,6,,,,1.6,3.9,7,49,1.65,1.59,4,3.82,7,6.29,47,2.2,2.11,1.79,1.72,31,-1,2.13,2.05,1.89,1.82
E0,7/2/2015,Aston Villa,Chelsea,1,2,A,0,1,A,N Swarbrick,8,12,1,5,8,7,7,7,3,2,0,0,10,5.25,1.36,9,4.4,1.36,7.6,4.8,1.35,10.5,4.75,1.36,10.8,4.92,1.38,9.5,4.5,1.36,,,,10.5,4.6,1.4,51,11,9.83,5.25,4.67,1.42,1.36,48,2.16,2.04,1.86,1.77,30,1.5,1.79,1.73,2.27,2.16
E0,7/2/2015,Everton,Liverpool,0,0,D,0,0,D,A Taylor,6,17,1,6,11,7,3,6,4,1,0,0,3.4,3.4,2.3,3.2,3.4,2.3,3.1,3.3,2.2,3.2,3.4,2.3,3.36,3.47,2.3,3.3,3.1,2.3,,,,3.4,3.4,2.3,50,3.41,3.26,3.5,3.35,2.34,2.25,49,1.98,1.89,1.98,1.9,27,0.25,1.96,1.92,1.99,1.94
E0,7/2/2015,Leicester,Crystal Palace,0,1,A,0,0,D,L Mason,19,14,5,2,15,6,8,6,4,1,0,0,2.4,3.3,3.25,2.4,3.25,2.9,2.3,3.3,2.9,2.37,3.3,3.25,2.42,3.29,3.3,2.4,3.1,3.1,,,,2.45,3.25,3.25,51,2.45,2.35,3.4,3.24,3.4,3.17,49,2.24,2.12,1.8,1.7,28,0,1.71,1.66,2.36,2.26
E0,7/2/2015,Man City,Hull,1,1,D,0,1,A,J Moss,18,7,5,3,9,8,13,1,2,4,0,0,1.18,8,19,1.19,6.5,13.5,1.2,5.8,13,1.2,7,17,1.19,8,18,1.2,6,17,,,,1.2,7.5,19,51,1.22,1.18,8,7.07,19,15.69,41,1.64,1.56,2.48,2.37,32,-2,2.09,2,1.93,1.85
E0,7/2/2015,QPR,Southampton,0,1,A,0,0,D,R East,12,16,3,5,13,16,3,4,2,2,0,0,4.75,3.6,1.85,4.2,3.4,1.85,4,3.45,1.85,4.33,3.5,1.9,4.62,3.63,1.89,4.5,3.4,1.85,,,,4.75,3.6,1.87,51,4.75,4.46,3.7,3.51,1.92,1.85,49,2.15,2.07,1.82,1.75,28,0.5,2.06,2.01,1.9,1.85
E0,7/2/2015,Swansea,Sunderland,1,1,D,0,1,A,P Dowd,16,4,7,1,11,13,7,1,3,4,0,0,1.91,3.5,4.6,1.9,3.4,4,1.9,3.45,3.8,1.95,3.4,4.33,1.91,3.48,4.78,1.91,3.1,4.5,,,,1.92,3.4,4.75,51,1.95,1.88,3.6,3.38,4.8,4.47,46,2.38,2.24,1.71,1.64,28,-0.5,1.91,1.88,2.05,1.99
E0,7/2/2015,Tottenham,Arsenal,2,1,H,0,1,A,M Atkinson,23,7,8,3,8,12,10,3,3,5,0,0,3.25,3.5,2.3,3.1,3.2,2.3,3.1,3.3,2.2,3.1,3.5,2.3,3.2,3.64,2.31,3.3,3.1,2.3,,,,3.25,3.5,2.3,51,3.3,3.15,3.6,3.45,2.35,2.26,48,1.8,1.71,2.2,2.11,26,0.25,1.94,1.89,2.02,1.98
E0,8/2/2015,Burnley,West Brom,2,2,D,2,1,H,M Dean,12,12,5,5,10,15,5,6,0,4,0,0,2.6,3.25,3,2.6,3.2,2.7,2.5,3.3,2.65,2.62,3.1,3,2.6,3.28,3.02,2.62,3.1,2.8,,,,2.62,3.2,3,51,2.65,2.53,3.3,3.16,3.1,2.94,45,2.42,2.33,1.67,1.59,30,0,1.83,1.78,2.15,2.08
E0,8/2/2015,Newcastle,Stoke,1,1,D,0,0,D,K Friend,9,7,3,3,14,17,5,8,2,4,0,0,2.3,3.4,3.4,2.3,3.2,3.1,2.3,3.3,2.9,2.3,3.3,3.4,2.28,3.34,3.54,2.3,3.2,3.2,,,,2.3,3.3,3.5,51,2.34,2.26,3.4,3.26,3.54,3.33,49,2.22,2.14,1.79,1.7,27,-0.25,1.99,1.94,1.98,1.93
E0,8/2/2015,West Ham,Man United,1,1,D,0,0,D,M Clattenburg,13,18,6,6,7,13,9,9,2,2,0,1,4.2,3.6,1.95,3.75,3.25,2,3.8,3.45,1.9,4,3.5,1.95,4.1,3.72,1.97,4,3.2,2,,,,3.7,3.7,2,51,4.33,3.94,3.7,3.51,2.03,1.96,50,1.97,1.89,1.98,1.9,28,0.5,1.97,1.91,2,1.95
E0,10/2/2015,Arsenal,Leicester,2,1,H,2,0,H,M Jones,17,11,7,4,13,14,6,6,2,2,0,0,1.29,6,12,1.29,5.5,11.5,1.3,5,9,1.3,5.5,10.5,1.29,6.14,12.21,1.29,5,11,,,,1.29,5.75,12,50,1.31,1.28,6.3,5.64,13.02,10.72,40,1.62,1.55,2.64,2.4,31,-1.5,1.95,1.87,2.08,1.99
E0,10/2/2015,Hull,Aston Villa,2,0,H,1,0,H,M Oliver,10,11,4,4,16,11,3,7,1,2,0,0,2.38,3.1,3.5,2.3,3.2,3.4,2.3,3.1,3.1,2.3,3.1,3.5,2.34,3.16,3.63,2.3,3,3.4,,,,2.3,3.1,3.75,50,2.39,2.3,3.25,3.1,3.75,3.46,40,2.74,2.57,1.54,1.49,25,0,1.65,1.59,2.54,2.39
E0,10/2/2015,Liverpool,Tottenham,3,2,H,1,1,D,P Dowd,16,14,7,5,13,17,5,7,3,6,0,0,1.91,3.8,4.2,1.91,3.75,4,1.9,3.45,3.8,1.91,3.75,4,1.92,3.84,4.19,1.91,3.3,4.2,,,,1.93,3.8,4.1,49,1.95,1.88,3.9,3.66,4.5,4.13,47,1.79,1.72,2.22,2.11,25,-0.5,1.94,1.88,2.04,1.99
E0,10/2/2015,Sunderland,QPR,0,2,A,0,2,A,M Atkinson,16,19,5,4,8,12,8,4,2,3,0,0,1.91,3.6,4.5,1.91,3.5,4.25,1.9,3.45,3.8,1.87,3.5,4.5,1.9,3.69,4.5,1.91,3.3,4.33,,,,1.93,3.5,4.6,50,1.96,1.9,3.69,3.48,4.6,4.31,48,2.23,2.14,1.77,1.7,27,-0.5,1.93,1.88,2.03,1.99
E0,11/2/2015,Chelsea,Everton,1,0,H,0,0,D,J Moss,21,7,7,4,8,13,10,2,3,3,0,1,1.33,5.5,11,1.33,5,8.25,1.33,4.8,8.3,1.33,5,9,1.33,5.68,11.14,1.33,4.8,10,,,,1.33,5.5,10.5,50,1.36,1.32,5.7,5.18,12,9.92,48,1.8,1.75,2.22,2.06,32,-1.5,2.06,1.99,1.97,1.86
E0,11/2/2015,Crystal Palace,Newcastle,1,1,D,0,1,A,A Marriner,7,5,3,1,10,11,5,2,1,2,0,0,2.38,3.3,3.3,2.4,3.1,3,2.3,3.3,2.9,2.38,3.2,3.2,2.35,3.35,3.38,2.3,3.2,3.2,,,,2.4,3.2,3.4,50,2.4,2.33,3.35,3.23,3.4,3.22,47,2.38,2.26,1.7,1.62,26,-0.25,2.04,1.98,1.92,1.89
E0,11/2/2015,Man United,Burnley,3,1,H,2,1,H,K Friend,11,13,7,3,15,8,5,8,4,3,0,0,1.29,6,12,1.3,5.75,8,1.27,5.2,10,1.3,5.5,10,1.31,5.98,11.42,1.3,5,11,,,,1.29,5.75,13,50,1.33,1.29,6.06,5.57,13,10.48,42,1.69,1.64,2.42,2.22,32,-1.5,1.94,1.88,2.04,1.97
E0,11/2/2015,Southampton,West Ham,0,0,D,0,0,D,C Pawson,21,4,7,1,12,11,8,2,2,1,0,1,1.73,3.9,5.25,1.72,3.7,4.5,1.7,3.6,4.7,1.75,3.75,4.6,1.71,3.9,5.57,1.73,3.5,5,,,,1.7,3.9,5.5,50,1.77,1.7,3.95,3.75,5.57,5.15,49,2.01,1.94,1.94,1.85,26,-0.75,1.94,1.89,2.03,1.97
E0,11/2/2015,Stoke,Man City,1,4,A,1,1,D,L Mason,17,14,5,8,6,11,3,2,1,2,0,0,5.75,3.8,1.7,5,3.6,1.7,4.7,3.6,1.7,5,3.75,1.7,5.64,3.98,1.69,5.5,3.5,1.7,,,,5.5,3.8,1.73,50,5.9,5.36,4,3.74,1.73,1.68,49,1.97,1.9,1.98,1.89,29,1,1.76,1.71,2.29,2.18
E0,11/2/2015,West Brom,Swansea,2,0,H,0,0,D,R Madley,11,10,4,3,11,12,5,4,2,1,0,0,2.55,3.25,3.1,2.55,3.2,2.75,2.4,3.1,2.9,2.5,3.2,2.9,2.48,3.27,3.21,2.5,3,3.1,,,,2.5,3.2,3.2,50,2.55,2.46,3.3,3.17,3.3,3.05,44,2.45,2.32,1.65,1.59,29,0,1.78,1.73,2.23,2.15
E0,21/02/15,Aston Villa,Stoke,1,2,A,1,1,D,R East,3,11,2,6,11,14,11,3,1,3,1,0,2.7,3.2,2.9,2.65,3.1,2.7,2.6,3.1,2.7,2.6,3.2,2.9,2.64,3.25,3.01,2.7,3,2.75,,,,2.62,3.2,3,50,2.75,2.61,3.25,3.14,3.05,2.88,40,2.5,2.35,1.65,1.58,29,0,1.85,1.81,2.12,2.04
E0,21/02/15,Chelsea,Burnley,1,1,D,1,0,H,M Atkinson,14,10,5,5,9,9,7,7,1,2,1,0,1.2,7.5,17,1.2,6.25,12.5,1.2,5.8,13,1.18,7,17,1.21,7.45,17.66,1.2,6,17,,,,1.2,7,19,50,1.22,1.2,8,6.84,19,15.35,40,1.57,1.53,2.75,2.44,32,-2,2.14,2.05,1.89,1.81
E0,21/02/15,Crystal Palace,Arsenal,1,2,A,0,2,A,M Clattenburg,22,12,3,4,15,14,10,1,1,3,0,0,4.75,3.75,1.83,4.1,3.6,1.83,4.2,3.5,1.8,5,3.75,1.75,4.93,3.73,1.82,5,3.1,1.85,,,,4.8,3.7,1.83,50,5,4.64,3.8,3.59,1.85,1.8,48,2.04,1.95,1.99,1.84,25,0.5,2.14,2.08,1.84,1.79
E0,21/02/15,Hull,QPR,2,1,H,1,1,D,A Taylor,16,8,6,3,18,16,5,7,0,4,0,1,2.05,3.3,4.2,2.05,3.25,3.6,2.1,3.2,3.4,2.05,3.3,4,2.08,3.46,3.99,2.1,3.1,3.75,,,,2.05,3.3,4.2,50,2.11,2.04,3.45,3.29,4.2,3.88,46,2.38,2.28,1.69,1.61,27,-0.5,2.08,2.03,1.89,1.84
E0,21/02/15,Man City,Newcastle,5,0,H,3,0,H,C Foy,16,8,9,1,9,8,7,3,3,2,0,0,1.3,6,11,1.3,5.25,9,1.3,5,9,1.3,5.5,11,1.3,6.07,11.7,1.3,4.5,13,,,,1.29,6,12,50,1.31,1.28,6.3,5.68,13,11.05,40,1.6,1.55,2.68,2.39,32,-1.5,1.87,1.82,2.15,2.03
E0,21/02/15,Sunderland,West Brom,0,0,D,0,0,D,M Jones,13,5,2,1,11,12,11,2,1,2,1,0,2.7,3.2,2.9,2.7,3,2.75,2.4,3.1,2.95,2.5,3.2,3,2.67,3.2,2.99,2.75,2.9,2.8,,,,2.75,3,3,50,2.75,2.61,3.3,3.09,3.02,2.9,40,2.62,2.46,1.58,1.53,29,0,1.86,1.82,2.08,2.03
E0,21/02/15,Swansea,Man United,2,1,H,1,1,D,N Swarbrick,11,18,6,3,6,15,4,10,2,4,0,0,4.2,3.5,2,3.6,3.4,2,3.6,3.3,2,4,3.5,2,3.97,3.56,2.05,4,3.2,2,,,,4.1,3.6,2,50,4.4,3.93,3.6,3.41,2.05,2,49,2.07,1.99,1.89,1.81,27,0.5,1.9,1.86,2.06,2.01
E0,22/02/15,Everton,Leicester,2,2,D,0,0,D,P Dowd,18,15,3,4,7,6,4,7,0,1,0,0,1.83,3.6,5,1.83,3.5,4.2,1.7,3.6,4.7,1.83,3.6,4.5,1.86,3.62,4.84,1.83,3.2,4.8,,,,1.83,3.7,4.8,50,1.88,1.81,4,3.53,5.2,4.73,48,2.11,2,1.93,1.79,26,-0.5,1.85,1.82,2.12,2.06
E0,22/02/15,Southampton,Liverpool,0,2,A,0,1,A,K Friend,13,6,5,4,11,14,6,1,2,3,0,0,2.63,3.3,2.9,2.6,3.25,2.65,2.6,3.2,2.6,2.45,3.3,3,2.5,3.38,3.09,2.62,3.1,2.75,,,,2.55,3.3,3,49,2.63,2.49,3.45,3.27,3.1,2.92,46,2.21,2.09,1.8,1.73,27,0,1.82,1.77,2.19,2.11
E0,22/02/15,Tottenham,West Ham,2,2,D,0,1,A,J Moss,27,12,8,5,6,12,7,9,0,2,0,0,1.8,3.8,4.75,1.83,3.6,4,1.75,3.5,4.5,1.83,3.6,4.33,1.83,4.02,4.46,1.83,3.2,4.8,,,,1.8,3.9,4.75,50,1.85,1.78,4.05,3.75,4.8,4.51,46,1.77,1.72,2.22,2.11,26,-0.75,2.06,2,1.91,1.87
E0,28/02/15,Burnley,Swansea,0,1,A,0,0,D,J Moss,13,8,6,2,14,8,6,4,0,0,0,0,2.63,3.3,2.9,2.6,3.25,2.9,2.6,3.2,2.6,2.7,3.3,2.7,2.62,3.35,2.94,2.7,3.1,2.75,,,,2.62,3.3,2.9,47,2.7,2.59,3.45,3.25,3,2.83,45,2.2,2.12,1.79,1.71,27,0,1.89,1.85,2.08,2
E0,28/02/15,Man United,Sunderland,2,0,H,0,0,D,R East,30,5,10,3,6,11,13,1,1,1,0,1,1.36,5.25,10,1.36,5,9.25,1.35,4.8,7.6,1.4,4.5,9.5,1.36,5.25,10.35,1.4,4,11,,,,1.36,5.25,10,47,1.4,1.36,5.5,4.87,11,9.61,46,1.87,1.79,2.11,2.01,29,-1.5,2.13,2.05,1.88,1.8
E0,28/02/15,Newcastle,Aston Villa,1,0,H,1,0,H,L Mason,14,13,5,3,6,16,9,5,1,5,0,0,1.95,3.5,4.5,2,3.4,4,1.9,3.45,3.8,1.95,3.4,4.33,1.96,3.41,4.63,2,3.1,4.2,,,,1.95,3.5,4.4,46,2,1.94,3.6,3.37,4.56,4.24,43,2.41,2.27,1.69,1.62,25,-0.5,1.97,1.93,1.98,1.93
E0,28/02/15,Stoke,Hull,1,0,H,0,0,D,N Swarbrick,17,1,2,0,9,10,5,2,2,2,0,0,1.91,3.5,4.75,1.95,3.4,3.8,1.9,3.45,3.8,1.9,3.4,4.5,1.95,3.44,4.6,2,3.1,4.2,,,,1.95,3.4,4.6,46,2.03,1.95,3.5,3.32,4.6,4.27,41,2.55,2.37,1.65,1.58,26,-0.5,2.03,1.96,1.98,1.9
E0,28/02/15,West Brom,Southampton,1,0,H,1,0,H,P Dowd,7,12,3,2,10,17,2,3,2,1,0,0,3.4,3.2,2.38,3.5,3.2,2.25,2.95,3.2,2.35,3.3,3.2,2.37,3.48,3.24,2.36,3.1,3.1,2.4,,,,3.3,3.25,2.4,47,3.52,3.33,3.3,3.16,2.4,2.32,37,2.6,2.43,1.6,1.54,25,0.25,1.94,1.9,2.03,1.97
E0,28/02/15,West Ham,Crystal Palace,1,3,A,0,1,A,M Dean,22,12,5,5,12,19,11,7,2,2,0,1,2.15,3.4,3.75,2.15,3.4,3.5,2.1,3.3,3.3,1.95,3.5,3.9,2.14,3.4,3.86,2.15,3.1,3.6,,,,2.15,3.4,3.8,47,2.16,2.1,3.5,3.33,4,3.68,45,2.18,2.09,1.8,1.73,25,-0.5,2.14,2.08,1.83,1.79
E0,1/3/2015,Arsenal,Everton,2,0,H,1,0,H,A Marriner,17,8,4,2,12,5,8,9,2,0,0,0,1.57,4.5,6,1.57,4.2,6,1.55,4,5.5,1.55,4.33,6.5,1.55,4.47,6.6,1.57,3.75,6.5,,,,1.57,4.3,6.5,48,1.59,1.54,4.6,4.19,6.8,6.27,45,1.82,1.74,2.16,2.08,31,-1,1.97,1.89,2,1.96
E0,1/3/2015,Liverpool,Man City,2,1,H,1,1,D,M Clattenburg,11,8,5,1,8,16,3,0,1,3,0,0,3.1,3.6,2.38,3,3.4,2.4,2.75,3.3,2.4,3.1,3.5,2.3,3.16,3.59,2.36,3.1,3.1,2.4,,,,3.1,3.5,2.4,46,3.2,3.02,3.6,3.44,2.43,2.36,43,1.82,1.74,2.16,2.08,25,0.25,1.9,1.86,2.08,2.01
E0,3/3/2015,Aston Villa,West Brom,2,1,H,1,0,H,J Moss,16,3,8,1,15,13,0,3,2,4,0,0,2.88,3.1,2.88,2.8,3.1,2.8,2.6,3.1,2.7,2.75,3.1,2.87,2.82,3.14,2.88,2.8,3,2.7,,,,2.9,3,2.88,47,2.9,2.78,3.2,3.04,3,2.81,40,2.75,2.63,1.53,1.47,28,0,1.96,1.91,1.99,1.93
E0,3/3/2015,Hull,Sunderland,1,1,D,1,0,H,M Dean,15,9,5,3,9,15,6,4,2,6,0,0,2.15,3.3,3.9,2.15,3.2,3.75,2.2,3.1,3.3,2.15,3.3,3.8,2.22,3.24,3.82,2.1,3.1,3.8,,,,2.2,3.2,3.9,47,2.25,2.15,3.35,3.2,4,3.75,42,2.62,2.46,1.6,1.54,26,-0.25,1.9,1.84,2.07,2.02
E0,3/3/2015,Southampton,Crystal Palace,1,0,H,0,0,D,M Atkinson,23,9,3,3,11,10,10,2,0,2,0,0,1.7,3.8,5.75,1.7,3.6,5,1.7,3.6,4.7,1.7,3.75,5.5,1.71,3.79,5.86,1.7,3.3,6,,,,1.7,3.7,6,47,1.75,1.69,4,3.68,6,5.59,45,2.29,2.17,1.74,1.68,26,-0.75,1.92,1.86,2.05,1.99
E0,4/3/2015,Liverpool,Burnley,2,0,H,1,0,H,L Mason,20,9,8,1,8,14,6,5,0,1,0,0,1.36,5.25,10,1.36,5,9.25,1.35,4.8,7.6,1.36,5,8.5,1.4,5.16,9.14,1.36,4.33,9.5,,,,1.36,5.25,9.5,46,1.4,1.36,5.4,4.98,10,8.98,41,1.67,1.62,2.42,2.27,26,-1.25,1.89,1.82,2.1,2.04
E0,4/3/2015,Man City,Leicester,2,0,H,1,0,H,R Madley,22,6,9,2,11,3,10,3,0,1,0,0,1.25,7,13,1.25,6.5,11.5,1.25,5.5,10.3,1.25,6,12,1.26,6.63,12.62,1.25,5.5,13,,,,1.25,6.5,13,47,1.29,1.25,7,6.24,15,11.73,41,1.53,1.48,2.81,2.59,26,-1.75,1.99,1.92,1.97,1.93
E0,4/3/2015,Newcastle,Man United,0,1,A,0,0,D,A Taylor,9,11,2,5,6,14,4,1,1,2,0,0,4.2,3.5,2,4,3.4,2,3.8,3.45,1.9,3.8,3.5,2,4.14,3.54,2.01,4.2,3.1,2,,,,4.2,3.5,2,47,4.2,3.98,3.6,3.42,2.05,1.99,44,2.16,2.06,1.84,1.75,27,0.5,1.93,1.88,2.03,1.98
E0,4/3/2015,QPR,Arsenal,1,2,A,0,0,D,K Friend,10,20,3,9,10,8,1,6,2,1,0,0,7,4.33,1.53,6,4.33,1.55,5.6,3.9,1.55,6,4.2,1.55,6.62,4.57,1.54,7,3.8,1.53,,,,6.5,4.4,1.55,47,7,6.37,4.8,4.26,1.57,1.53,40,1.71,1.64,2.37,2.23,29,1,2.05,1.99,1.94,1.87
E0,4/3/2015,Stoke,Everton,2,0,H,1,0,H,M Clattenburg,11,10,3,5,11,14,5,6,2,2,0,0,2.5,3.3,3.1,2.5,3.2,2.8,2.5,3.2,2.75,2.4,3.3,3.1,2.44,3.36,3.2,2.5,3.1,3,,,,2.55,3.2,3.12,47,2.55,2.46,3.36,3.23,3.2,3.03,41,2.3,2.22,1.73,1.64,26,-0.25,2.12,2.07,1.85,1.8
E0,4/3/2015,Tottenham,Swansea,3,2,H,1,1,D,M Oliver,20,10,7,5,14,7,6,4,1,0,0,0,1.75,3.8,5.25,1.75,3.5,4.75,1.7,3.6,4.7,1.75,3.8,4.8,1.74,3.99,5.15,1.75,3.4,5,,,,1.75,3.8,5.2,47,1.8,1.73,4,3.74,5.5,4.98,45,1.93,1.83,2.07,1.97,26,-0.75,1.97,1.92,1.98,1.93
E0,4/3/2015,West Ham,Chelsea,0,1,A,0,1,A,A Marriner,18,12,5,3,10,10,5,4,3,4,0,0,6.25,4,1.62,5.75,4.1,1.62,5.1,3.6,1.65,6,4,1.61,6.25,4.18,1.61,5,4,1.62,,,,6,4,1.65,47,6.3,5.8,4.3,3.96,1.65,1.6,44,1.87,1.8,2.08,1.99,29,1,1.89,1.82,2.09,2.03
E0,7/3/2015,QPR,Tottenham,1,2,A,0,1,A,C Pawson,17,13,6,6,15,12,3,5,1,2,0,0,4.75,3.9,1.8,4.5,3.8,1.8,4,3.45,1.85,4.5,3.6,1.8,4.67,3.98,1.8,5,3.2,1.83,,,,4.8,3.9,1.8,46,5,4.55,4,3.76,1.85,1.78,43,1.8,1.72,2.25,2.11,24,0.75,1.92,1.88,2.04,1.97
E0,14/03/15,Arsenal,West Ham,3,0,H,1,0,H,A Taylor,19,7,9,1,10,9,7,5,1,1,0,0,1.4,5,9,1.4,4.5,7.5,1.4,4.4,7.3,1.4,5,8,1.38,5.36,9.08,1.4,4.5,8,,,,1.36,5.25,9.5,46,1.44,1.38,5.5,4.92,9.5,8.2,37,1.65,1.61,2.48,2.28,26,-1.5,2.2,2.06,1.85,1.79
E0,14/03/15,Burnley,Man City,1,0,H,0,0,D,A Marriner,10,21,4,5,6,9,2,6,2,1,0,0,7.5,5,1.44,6.5,4.5,1.44,7,4,1.45,7,4.5,1.45,7.62,4.85,1.46,7,4.5,1.44,,,,8,4.8,1.45,46,8,7.31,5,4.6,1.5,1.44,37,1.67,1.62,2.48,2.27,27,1,2.32,2.18,1.77,1.71
E0,14/03/15,Crystal Palace,QPR,3,1,H,3,0,H,L Mason,15,11,4,4,17,16,6,3,1,3,0,0,1.83,3.75,4.75,1.83,3.6,4.1,1.85,3.45,4,1.83,3.6,4.5,1.78,3.83,5.04,1.75,3.6,4.75,,,,1.83,3.6,5,46,1.85,1.78,3.83,3.62,5.3,4.73,43,2.14,2.03,1.88,1.78,24,-0.75,2.04,1.99,1.92,1.87
E0,14/03/15,Leicester,Hull,0,0,D,0,0,D,J Moss,15,12,3,5,10,15,7,5,0,4,0,1,2.2,3.3,3.75,2.2,3.25,3.25,2.1,3.3,3.3,2.25,3.2,3.4,2.21,3.29,3.78,2.25,3.1,3.4,,,,2.25,3.2,3.75,47,2.26,2.17,3.3,3.23,4.05,3.61,41,2.42,2.29,1.66,1.61,25,-0.5,2.21,2.14,1.79,1.73
E0,14/03/15,Sunderland,Aston Villa,0,4,A,0,4,A,N Swarbrick,12,14,2,8,10,9,2,5,1,1,0,0,2.38,3.25,3.4,2.35,3.1,3.1,2.25,3,3.3,2.4,3.1,3.25,2.31,3.25,3.57,2.4,3,3.2,,,,2.38,3.1,3.6,46,2.42,2.32,3.4,3.14,3.57,3.35,38,2.6,2.44,1.6,1.54,24,-0.25,2.05,1.96,1.97,1.9
E0,14/03/15,West Brom,Stoke,1,0,H,1,0,H,M Oliver,14,9,5,2,7,16,7,5,1,2,0,0,2.38,3.25,3.4,2.35,3,3.2,2.3,3.2,3,2.4,3.2,3.2,2.38,3.23,3.44,2.4,3,3.25,,,,2.4,3.1,3.5,47,2.4,2.33,3.3,3.14,3.55,3.33,39,2.6,2.47,1.59,1.53,25,-0.25,2.03,1.98,1.91,1.88
E0,15/03/15,Chelsea,Southampton,1,1,D,1,1,D,M Dean,22,12,7,5,10,11,9,2,3,3,0,0,1.62,4,6.5,1.62,3.9,6,1.5,4,6.1,1.57,4,6.5,1.62,4,6.55,1.62,3.6,6,,,,1.62,3.9,6.5,46,1.63,1.59,4.2,3.87,6.8,6.26,43,2.15,2.07,1.89,1.74,28,-1,2.14,2.06,1.9,1.8
E0,15/03/15,Everton,Newcastle,3,0,H,1,0,H,M Atkinson,15,12,9,4,11,9,3,4,1,2,0,1,1.83,3.75,4.75,1.83,3.5,4.2,1.85,3.45,4,1.83,3.5,4.5,1.82,3.67,5.05,1.85,3.4,4.5,,,,1.85,3.6,4.8,46,1.88,1.81,3.75,3.56,5.05,4.61,44,2.1,1.99,1.92,1.81,22,-0.75,2.12,2.05,1.86,1.81
E0,15/03/15,Man United,Tottenham,3,0,H,3,0,H,M Clattenburg,11,5,3,1,12,10,4,2,1,1,0,0,1.91,3.75,4.33,1.91,3.5,4.25,1.9,3.45,3.8,1.9,3.75,4,1.89,3.74,4.45,1.95,3.4,4,,,,1.92,3.75,4.2,46,1.95,1.89,3.8,3.63,4.45,4.14,43,1.79,1.74,2.2,2.07,25,-0.5,1.92,1.88,2.05,1.98
E0,16/03/15,Swansea,Liverpool,0,1,A,0,0,D,R East,10,16,3,5,13,16,4,5,0,3,0,0,4,3.6,2,3.9,3.5,2,3.3,3.3,2.1,3.75,3.4,2.05,4.24,3.51,2,4,3.1,2.05,,,,4.1,3.4,2.05,44,4.24,3.96,3.6,3.4,2.1,1.99,41,2.11,2,1.93,1.79,22,0.5,1.95,1.9,2.02,1.96
E0,21/03/15,Aston Villa,Swansea,0,1,A,0,0,D,R Madley,12,9,3,6,13,9,4,9,0,0,0,0,2.5,3.25,2.8,2.5,3,3,2.3,3.2,3,2.4,3.25,3,2.52,3.22,3.2,2.4,3.1,3.1,,,,2.55,3.2,3.12,49,2.55,2.45,3.3,3.17,3.3,3.06,43,2.43,2.33,1.67,1.59,28,0,1.78,1.73,2.21,2.14
E0,21/03/15,Man City,West Brom,3,0,H,2,0,H,N Swarbrick,43,3,16,0,6,5,9,2,0,0,0,1,1.3,5.5,8.5,1.3,5,10,1.3,5,9,1.3,5.5,10,1.32,5.85,10.89,1.33,5,9,,,,1.3,5.75,12,49,1.34,1.31,6.5,5.5,12,10.01,40,1.64,1.58,2.54,2.34,31,-1.5,1.93,1.88,2.05,1.97
E0,21/03/15,Newcastle,Arsenal,1,2,A,0,2,A,M Jones,16,7,4,3,11,7,9,4,0,0,0,0,6,3.8,1.57,5.5,3.8,1.6,4.9,3.7,1.65,5.25,4,1.65,6.15,4.34,1.6,6,3.75,1.6,,,,6,4.33,1.6,49,6.25,5.71,4.34,4.04,1.75,1.59,46,1.8,1.73,2.22,2.1,31,1,1.93,1.86,2.1,1.99
E0,21/03/15,Southampton,Burnley,2,0,H,1,0,H,R East,20,15,3,3,10,7,10,5,0,0,0,0,1.4,4.5,7.5,1.45,4.2,7,1.45,4,7,1.44,4.33,7.5,1.46,4.55,8.5,1.44,4,8,,,,1.45,4.5,8.5,49,1.5,1.45,4.65,4.29,8.7,7.78,47,2,1.92,1.97,1.87,29,-1,1.83,1.76,2.22,2.1
E0,21/03/15,Stoke,Crystal Palace,1,2,A,1,2,A,A Marriner,17,12,4,3,15,14,8,4,3,4,0,0,2.1,3.3,3.5,2.2,3.1,3.4,2.1,3.2,3.4,2.1,3.3,3.75,2.16,3.34,3.88,2.15,3.2,3.5,,,,2.2,3.25,3.8,49,2.2,2.13,3.4,3.25,3.95,3.65,42,2.45,2.31,1.65,1.6,26,-0.5,2.17,2.11,1.8,1.76
E0,21/03/15,Tottenham,Leicester,4,3,H,2,1,H,M Dean,10,14,4,5,8,9,4,4,2,1,0,0,1.53,4,6,1.6,4,5.25,1.5,4,6.1,1.53,4.2,6,1.59,4.36,6.15,1.6,4,5.5,,,,1.57,4.33,6.25,49,1.62,1.56,4.5,4.16,7,5.91,44,1.7,1.66,2.38,2.21,31,-1,2.03,1.95,1.96,1.9
E0,21/03/15,West Ham,Sunderland,1,0,H,0,0,D,L Mason,15,7,4,3,14,11,6,4,0,1,0,0,1.8,3.5,4.5,1.85,3.4,4.25,1.8,3.5,4.2,1.85,3.5,4.33,1.81,3.69,5.14,1.85,3.5,4.33,,,,1.83,3.6,5,49,1.95,1.81,3.7,3.54,5,4.61,47,2.08,2.02,1.88,1.78,26,-0.5,1.86,1.81,2.12,2.05
E0,22/03/15,Hull,Chelsea,2,3,A,2,2,D,M Oliver,19,8,8,3,14,11,6,6,0,2,0,0,7,4.33,1.44,6.75,4.25,1.45,7,4,1.45,7.5,4.33,1.44,8.52,4.42,1.48,7,4,1.5,,,,9,4.4,1.45,47,9,7.87,4.55,4.23,1.55,1.45,45,2.09,2,1.89,1.79,27,1,2.26,2.12,1.8,1.74
E0,22/03/15,Liverpool,Man United,1,2,A,0,1,A,M Atkinson,7,6,1,4,14,17,2,3,2,2,1,0,2.05,3.4,3.6,2.15,3.4,3.6,2.2,3.2,3.2,2.1,3.4,3.6,2.14,3.49,3.76,2.1,3.25,3.5,,,,2.1,3.5,3.8,46,2.3,2.11,3.55,3.37,3.8,3.57,44,1.99,1.91,1.98,1.88,24,-0.5,2.15,2.09,1.84,1.78
E0,22/03/15,QPR,Everton,1,2,A,0,1,A,J Moss,14,8,1,3,11,12,1,3,2,1,0,0,3.3,3.4,2.15,3.25,3.25,2.2,3.1,3.3,2.2,3.3,3.4,2.2,3.55,3.42,2.25,3.3,3.3,2.2,,,,3.6,3.4,2.2,47,3.6,3.35,3.5,3.35,2.3,2.2,44,2.14,2.02,1.88,1.78,24,0.25,2.02,1.97,1.96,1.89
E0,4/4/2015,Arsenal,Liverpool,4,1,H,3,0,H,A Taylor,16,13,10,2,7,9,6,5,1,0,0,1,1.83,3.75,4.2,1.85,3.6,4,1.9,3.45,3.8,1.85,3.75,4.2,1.85,3.89,4.51,1.83,3.4,4.5,,,,1.87,3.8,4.4,48,1.9,1.83,3.89,3.68,4.6,4.35,46,1.77,1.7,2.3,2.14,26,-0.75,2.09,2.03,1.87,1.83
E0,4/4/2015,Chelsea,Stoke,2,1,H,1,1,D,J Moss,19,7,10,2,5,22,9,0,1,6,0,0,1.29,5.5,11,1.28,5.25,10.5,1.28,5.1,10,1.29,5.5,12,1.27,6.06,14.38,1.29,5,12,,,,1.25,6,15,49,1.31,1.27,6.1,5.55,16,12.62,48,1.89,1.82,2.06,1.98,32,-1.5,1.87,1.83,2.12,2.02
E0,4/4/2015,Everton,Southampton,1,0,H,1,0,H,L Mason,11,11,1,2,12,17,4,10,0,1,0,0,2.63,3.2,2.8,2.6,3.1,2.75,2.5,3.3,2.65,2.6,3.2,2.88,2.73,3.3,2.85,2.6,3.1,2.8,,,,2.75,3.2,2.88,49,2.75,2.64,3.3,3.18,3,2.81,43,2.3,2.21,1.73,1.66,29,0,1.93,1.86,2.05,1.98
E0,4/4/2015,Leicester,West Ham,2,1,H,1,1,D,M Clattenburg,20,14,7,7,12,10,7,6,0,3,0,0,2.38,3.3,3.1,2.3,3.3,3,2.2,3.3,3.1,2.38,3.3,3.1,2.33,3.54,3.24,2.25,3.4,3.1,,,,2.38,3.5,3.13,49,2.4,2.32,3.54,3.38,3.25,3.11,47,1.9,1.83,2.08,1.97,28,-0.25,2.04,1.98,1.93,1.87
E0,4/4/2015,Man United,Aston Villa,3,1,H,1,0,H,R East,19,4,7,2,15,12,10,2,0,1,0,0,1.3,5.5,10,1.3,5,9.5,1.3,5,9,1.3,5,11,1.31,5.7,12,1.33,4.8,10,,,,1.3,5.5,13,49,1.4,1.3,5.8,5.29,13,10.76,47,1.8,1.75,2.19,2.07,31,-1.5,1.99,1.93,2,1.92
E0,4/4/2015,Swansea,Hull,3,1,H,2,0,H,A Marriner,9,10,4,1,11,14,4,7,1,5,0,1,1.91,3.5,4.2,1.91,3.3,4.1,1.9,3.45,3.8,1.83,3.5,4.5,1.97,3.4,4.56,2,3.1,4.2,,,,1.93,3.4,4.75,49,2,1.94,3.7,3.34,4.75,4.3,43,2.48,2.34,1.64,1.58,29,-0.5,1.97,1.92,1.98,1.93
E0,4/4/2015,West Brom,QPR,1,4,A,0,3,A,L Probert,21,12,6,7,6,15,2,4,2,3,1,0,1.8,3.5,4.5,1.75,3.5,4.75,1.75,3.5,4.5,1.75,3.5,5,1.78,3.67,5.41,1.73,3.3,5.5,,,,1.8,3.6,5.2,49,1.8,1.75,3.8,3.56,5.6,5.05,47,2.22,2.1,1.79,1.73,28,-0.5,1.79,1.75,2.2,2.13
E0,5/4/2015,Burnley,Tottenham,0,0,D,0,0,D,M Atkinson,15,12,4,2,9,5,5,3,2,0,0,0,3.5,3.4,2.1,3.6,3.5,2.1,3.2,3.4,2.1,3.6,3.5,2.05,3.5,3.63,2.18,3.5,3.1,2.2,,,,3.4,3.6,2.2,48,3.65,3.44,3.65,3.45,2.2,2.13,46,1.85,1.79,2.14,2.02,27,0.5,1.8,1.76,2.18,2.12
E0,5/4/2015,Sunderland,Newcastle,1,0,H,1,0,H,M Dean,16,10,4,1,14,18,8,4,5,2,0,0,2.5,3.1,3.1,2.5,3.2,2.8,2.2,3.3,3.1,2.4,3.25,3.1,2.59,3.29,3.03,2.62,3.1,2.8,,,,2.6,3.2,3.1,48,2.62,2.51,3.4,3.19,3.1,2.97,45,2.32,2.22,1.72,1.65,28,0,1.82,1.76,2.2,2.11
E0,6/4/2015,Crystal Palace,Man City,2,1,H,1,0,H,M Oliver,5,22,3,4,11,11,4,13,2,1,0,0,5,4,1.67,5,4,1.7,5,3.9,1.6,5,4,1.67,5.6,4.03,1.68,4.8,3.8,1.7,,,,5.5,4,1.7,48,6,5.19,4.2,3.92,1.73,1.66,47,1.85,1.77,2.12,2.04,30,1,1.79,1.72,2.26,2.16
E0,7/4/2015,Aston Villa,QPR,3,3,D,2,1,H,C Pawson,21,11,7,5,8,12,7,3,0,4,0,0,2.15,3.4,3.8,2.15,3.3,3.3,2,3.3,3.6,2.1,3.4,3.75,2.1,3.43,3.95,2.15,3.2,3.6,,,,2.15,3.4,3.8,48,2.15,2.1,3.5,3.32,3.95,3.71,46,2.2,2.11,1.8,1.72,26,-0.25,1.84,1.8,2.15,2.08
E0,11/4/2015,Burnley,Arsenal,0,1,A,0,1,A,M Dean,8,17,4,5,15,7,1,6,2,0,0,0,6.5,4.33,1.57,6.25,4.1,1.57,7,4,1.45,6,4.2,1.57,6.25,4.35,1.58,6,3.8,1.57,,,,6.25,4.33,1.57,50,7.2,6.21,4.6,4.13,1.59,1.55,47,1.8,1.72,2.23,2.12,32,1,1.99,1.91,2.01,1.95
E0,11/4/2015,Southampton,Hull,2,0,H,0,0,D,K Friend,9,15,4,4,7,11,2,5,2,0,0,0,1.53,4.2,7.5,1.53,3.8,6.5,1.55,3.9,5.6,1.5,4,8,1.53,4.18,7.8,1.53,3.75,7,,,,1.55,4.1,7,50,1.55,1.51,4.4,3.98,8.5,7.25,48,2.3,2.21,1.73,1.66,32,-1,1.98,1.91,2.02,1.95
E0,11/4/2015,Sunderland,Crystal Palace,1,4,A,0,0,D,A Taylor,12,14,3,5,15,17,8,4,2,2,0,0,2.9,3.2,2.7,2.75,3.1,2.6,2.4,3.2,2.85,2.75,3.1,2.75,3,3.18,2.68,2.7,3.1,2.7,,,,2.9,3.2,2.75,50,3,2.83,3.4,3.13,2.85,2.66,44,2.45,2.34,1.65,1.58,30,0,2.07,1.98,1.9,1.86
E0,11/4/2015,Swansea,Everton,1,1,D,0,1,A,M Oliver,11,12,3,8,18,12,3,6,3,3,0,0,2.5,3.3,3.1,2.5,3.3,2.95,2.4,3.3,2.75,2.4,3.3,3.1,2.48,3.31,3.17,2.5,3.2,2.9,,,,2.5,3.3,3.1,50,2.52,2.45,3.35,3.23,3.17,3.02,48,2.2,2.12,1.81,1.71,29,0,1.77,1.73,2.23,2.15
E0,11/4/2015,Tottenham,Aston Villa,0,1,A,0,1,A,L Probert,14,10,3,3,11,12,9,6,3,2,0,1,1.62,4.2,6,1.62,4.1,5.5,1.55,3.9,5.6,1.62,4,5.75,1.63,4.26,5.93,1.62,3.8,5.5,,,,1.62,4.2,6,50,1.65,1.6,4.33,4.05,6.4,5.72,47,1.77,1.7,2.28,2.13,32,-1,2.09,2.01,1.92,1.85
E0,11/4/2015,West Brom,Leicester,2,3,A,2,1,H,M Atkinson,8,12,5,4,15,15,4,6,2,2,0,0,2.3,3.4,3.4,2.2,3.25,3.2,2,3.3,3.6,2.2,3.4,3.5,2.33,3.38,3.39,2.3,3.2,3.2,,,,2.3,3.4,3.4,50,2.33,2.27,3.4,3.29,3.6,3.3,48,2.22,2.05,1.83,1.76,29,-0.25,2,1.95,1.95,1.91
E0,11/4/2015,West Ham,Stoke,1,1,D,1,0,H,R East,11,18,3,2,17,13,4,10,3,1,0,0,2.3,3.4,3.4,2.3,3.2,3.1,2.1,3.2,3.4,2.2,3.4,3.4,2.33,3.37,3.4,2.3,3.2,3.2,,,,2.3,3.4,3.4,50,2.33,2.26,3.4,3.29,3.58,3.31,48,2.19,2.07,1.82,1.75,29,-0.25,2,1.95,1.95,1.91
E0,12/4/2015,Man United,Man City,4,2,H,2,1,H,M Clattenburg,11,10,7,3,9,16,1,5,0,3,0,0,2.63,3.4,2.88,2.7,3.4,2.7,2.4,3.3,2.75,2.6,3.4,2.8,2.74,3.5,2.71,2.7,3.1,2.7,,,,2.7,3.4,2.75,50,2.74,2.61,3.6,3.34,2.9,2.72,49,1.92,1.81,2.08,2,30,0,1.98,1.9,2,1.95
E0,12/4/2015,QPR,Chelsea,0,1,A,0,0,D,A Marriner,15,9,4,1,12,6,5,6,2,1,0,0,9,5,1.4,8,5,1.4,7.3,4.4,1.4,8.5,4.8,1.4,9.2,4.99,1.4,8,4.5,1.4,,,,9.5,5,1.4,50,9.7,8.59,5.2,4.79,1.4,1.38,47,1.77,1.7,2.27,2.13,29,1.25,2.03,1.98,1.94,1.87
E0,13/04/15,Liverpool,Newcastle,2,0,H,1,0,H,L Mason,14,10,6,3,8,17,6,6,2,0,0,1,1.4,5,9,1.4,5,8.25,1.45,4,7,1.44,4.5,8,1.4,5.05,9.45,1.4,4.5,8,,,,1.4,5,9.5,47,1.45,1.4,5.1,4.71,9.5,8.41,46,1.76,1.71,2.24,2.13,29,-1.5,2.21,2.14,1.8,1.74
E0,18/04/15,Chelsea,Man United,1,0,H,1,0,H,M Dean,7,15,2,2,13,11,3,7,7,1,0,0,2,3.4,4.33,2,3.5,3.9,2,3.3,3.6,2,3.4,4,2,3.45,4.33,2,3.3,4.33,,,,2,3.4,4.3,50,2.2,2,3.56,3.37,4.33,4,46,2.18,2.08,1.82,1.75,30,-0.5,2.04,1.98,1.94,1.88
E0,18/04/15,Crystal Palace,West Brom,0,2,A,0,1,A,J Moss,19,8,4,4,17,17,7,6,3,3,0,0,1.95,3.5,4.5,1.95,3.4,3.75,1.9,3.45,3.8,1.95,3.5,4,1.92,3.5,4.69,1.95,3.25,4.2,,,,1.95,3.3,4.4,50,1.95,1.92,3.6,3.41,4.69,4.26,47,2.28,2.15,1.75,1.69,31,-0.5,1.93,1.9,2.02,1.96
E0,18/04/15,Everton,Burnley,1,0,H,1,0,H,M Jones,21,10,8,1,12,15,5,6,1,2,0,1,1.73,3.8,5.5,1.72,3.8,5,1.7,3.8,4.3,1.73,3.75,5,1.76,3.81,5.29,1.75,3.5,5,,,,1.73,3.8,5.5,50,1.76,1.71,3.85,3.7,5.6,5.18,47,2.08,1.96,1.91,1.84,30,-0.75,2,1.92,1.98,1.94
E0,18/04/15,Leicester,Swansea,2,0,H,1,0,H,L Probert,18,10,6,6,6,5,6,3,0,2,0,0,2.15,3.4,3.75,2.15,3.3,3.3,2.1,3.3,3.3,2.2,3.4,3.4,2.1,3.53,3.83,2.15,3.3,3.4,,,,2.15,3.5,3.6,50,2.2,2.11,3.55,3.4,3.83,3.55,48,1.95,1.89,2.01,1.91,30,-0.25,1.86,1.81,2.15,2.06
E0,18/04/15,Stoke,Southampton,2,1,H,0,1,A,M Clattenburg,15,12,2,6,17,17,2,5,0,4,0,0,3.5,3.25,2.3,3,3.3,2.3,2.9,3.3,2.3,3.2,3.25,2.38,3.58,3.28,2.29,3.2,3.2,2.3,,,,3.5,3.13,2.38,50,3.58,3.36,3.32,3.21,2.38,2.27,43,2.41,2.31,1.67,1.6,30,0.25,2,1.94,1.98,1.92
E0,19/04/15,Man City,West Ham,2,0,H,2,0,H,A Taylor,18,9,3,3,10,6,6,3,2,2,0,0,1.25,6.5,11,1.28,6,11,1.27,5.2,10,1.29,6,11,1.25,6.76,13.35,1.29,5,12,,,,1.29,6,12,50,1.29,1.25,7.1,6.05,13.35,11.88,40,1.5,1.46,2.95,2.66,30,-2,2.22,2.15,1.79,1.73
E0,19/04/15,Newcastle,Tottenham,1,3,A,0,1,A,K Friend,11,14,5,8,11,13,4,3,2,4,0,0,3.3,3.5,2.3,3.3,3.3,2.3,2.65,3.3,2.5,3.2,3.4,2.3,3.3,3.53,2.32,3.2,3.1,2.38,,,,3.13,3.5,2.4,50,3.42,3.19,3.52,3.36,2.5,2.28,48,1.88,1.82,2.1,1.98,29,0.5,1.72,1.67,2.31,2.25
E0,25/04/15,Burnley,Leicester,0,1,A,0,0,D,A Taylor,12,8,4,4,16,16,6,4,3,0,0,0,2.63,3.3,2.9,2.55,3.3,2.8,2.5,3.3,2.65,2.45,3.3,3,2.5,3.34,3.1,2.62,2.88,3,,,,2.55,3.4,3,48,2.63,2.49,3.48,3.27,3.1,2.93,47,2.09,2,1.88,1.8,30,0,1.84,1.78,2.19,2.1
E0,25/04/15,Crystal Palace,Hull,0,2,A,0,0,D,M Clattenburg,7,21,3,7,15,10,0,9,0,0,0,0,2.05,3.3,4.2,2,3.3,4.1,2,3.3,3.6,2,3.4,4.2,2.09,3.34,4.16,2.1,3,4,,,,2.05,3.3,4.2,48,2.1,2.04,3.5,3.28,4.3,3.96,43,2.4,2.28,1.67,1.61,29,-0.5,2.08,2.03,1.86,1.83
E0,25/04/15,Man City,Aston Villa,3,2,H,1,0,H,M Dean,11,13,4,4,13,11,7,6,1,2,0,0,1.29,6,12,1.28,5.75,12.5,1.27,5.2,10,1.3,5.75,10,1.27,6.45,12.4,1.29,4.8,12,,,,1.29,6,12,48,1.3,1.26,6.6,5.91,14,11.44,41,1.53,1.49,2.8,2.58,28,-1.75,2.01,1.94,1.99,1.92
E0,25/04/15,Newcastle,Swansea,2,3,A,1,1,D,N Swarbrick,12,11,4,6,14,9,9,6,1,2,0,0,2.45,3.25,3.25,2.45,3.2,2.85,2.4,3.2,2.85,2.45,3.3,3,2.42,3.33,3.26,2.5,2.9,3.1,,,,2.45,3.25,3.25,48,2.5,2.39,3.4,3.22,3.34,3.13,45,2.3,2.2,1.73,1.66,29,0,1.71,1.67,2.33,2.24
E0,25/04/15,QPR,West Ham,0,0,D,0,0,D,M Jones,18,8,7,2,14,12,6,6,1,0,0,0,2.38,3.4,3.25,2.38,3.2,2.95,2.2,3.3,3.1,2.38,3.4,3.2,2.39,3.47,3.2,2.4,3,3.2,,,,2.4,3.4,3.13,48,2.4,2.33,3.47,3.35,3.3,3.1,47,1.9,1.83,2.06,1.97,29,0,1.74,1.68,2.33,2.22
E0,25/04/15,Southampton,Tottenham,2,2,D,1,1,D,J Moss,13,7,4,2,9,10,8,3,1,3,0,0,2.1,3.5,3.8,2.1,3.4,3.7,2.15,3.3,3.2,2.1,3.4,3.75,2.05,3.49,4.06,2.1,3.1,3.75,,,,2.1,3.4,3.9,48,2.15,2.06,3.6,3.4,4.06,3.73,46,2.08,2.02,1.87,1.78,29,-0.5,2.08,2.03,1.89,1.83
E0,25/04/15,Stoke,Sunderland,1,1,D,1,1,D,M Atkinson,23,15,8,5,14,15,9,8,2,3,0,0,1.91,3.5,4.75,1.91,3.4,3.9,1.9,3.45,3.8,1.9,3.4,4.5,1.93,3.45,4.73,1.95,3,4.5,,,,1.95,3.3,4.75,48,1.95,1.9,3.6,3.38,4.75,4.43,45,2.38,2.28,1.71,1.62,28,-0.5,1.92,1.89,2.02,1.97
E0,25/04/15,West Brom,Liverpool,0,0,D,0,0,D,R East,10,22,4,5,12,11,2,4,1,0,0,0,4,3.6,2,4,3.6,1.95,4,3.45,1.85,4.1,3.6,1.95,4.15,3.51,2.02,4,3.1,2.05,,,,4.1,3.6,2,47,4.33,3.94,3.62,3.44,2.05,1.99,46,2.05,1.97,1.98,1.82,28,0.5,1.92,1.88,2.04,1.99
E0,26/04/15,Arsenal,Chelsea,0,0,D,0,0,D,M Oliver,12,7,1,3,17,11,6,2,4,3,0,0,2.4,3.3,3.3,2.35,3.3,3.2,2.5,3.2,2.75,2.45,3.25,3.1,2.35,3.29,3.44,2.4,3.1,3.1,,,,2.4,3.25,3.3,48,2.5,2.36,3.46,3.22,3.44,3.19,46,2.26,2.17,1.78,1.68,28,0,1.75,1.65,2.4,2.28
E0,26/04/15,Everton,Man United,3,0,H,2,0,H,A Marriner,9,17,7,4,6,10,7,7,0,2,0,0,3.75,3.4,2.15,3.4,3.4,2.2,3.6,3.3,2,3.5,3.5,2.15,3.66,3.39,2.2,3.6,3,2.2,,,,3.6,3.4,2.2,48,3.8,3.54,3.58,3.33,2.21,2.16,46,2.15,2.04,1.9,1.76,28,0.25,2.06,2.01,1.89,1.85
E0,28/04/15,Hull,Liverpool,1,0,H,1,0,H,L Probert,7,12,4,9,10,10,7,7,2,0,0,0,4.33,3.4,2,4.1,3.4,2,3.6,3.3,2,4,3.4,2,4.15,3.44,2.04,3.8,3.4,2,,,,4.1,3.4,2.05,46,4.55,4.08,3.54,3.36,2.05,1.99,44,2.21,2.14,1.8,1.7,27,0.5,1.93,1.86,2.06,2
E0,29/04/15,Leicester,Chelsea,1,3,A,1,0,H,M Clattenburg,8,11,2,4,10,1,2,6,1,0,0,0,5.75,3.8,1.7,5.25,3.8,1.7,4.7,3.6,1.7,5.25,4,1.65,5.58,3.98,1.69,4.8,3.8,1.7,,,,5.5,3.9,1.7,48,6.1,5.35,4.15,3.78,1.75,1.67,47,1.93,1.85,2.04,1.95,29,1,1.76,1.7,2.31,2.21
E0,2/5/2015,Aston Villa,Everton,3,2,H,2,0,H,M Clattenburg,11,9,4,5,13,12,5,3,2,1,0,0,2.75,3.3,2.8,2.65,3.25,2.6,2.5,3.3,2.65,2.7,3.3,2.7,2.78,3.32,2.79,2.7,3.1,2.7,,,,2.8,3.25,2.8,47,2.8,2.69,3.5,3.23,2.9,2.72,44,2.15,2.06,1.83,1.76,28,0,1.98,1.9,2.02,1.96
E0,2/5/2015,Leicester,Newcastle,3,0,H,2,0,H,M Dean,19,12,7,3,10,13,10,7,1,2,0,2,1.91,3.7,4.33,1.91,3.5,4.1,1.95,3.35,3.7,1.95,3.6,3.8,1.97,3.64,4.18,1.91,3.5,4,,,,1.93,3.7,4.3,47,2,1.94,3.7,3.53,4.4,4.03,47,1.96,1.88,2,1.92,29,-0.5,1.97,1.93,1.99,1.93
E0,2/5/2015,Liverpool,QPR,2,1,H,1,0,H,M Atkinson,25,10,8,2,9,18,9,6,2,3,0,1,1.36,5.25,10,1.36,5.25,8.75,1.42,4.6,6.4,1.4,5,8,1.38,5.2,9.56,1.4,4.5,8,,,,1.4,5,9,46,1.4,1.37,5.3,4.97,10,8.69,39,1.68,1.6,2.5,2.29,30,-1.5,2.14,2.06,1.87,1.81
E0,2/5/2015,Man United,West Brom,0,1,A,0,0,D,A Taylor,26,6,9,3,10,11,9,3,1,0,0,0,1.36,5.25,10,1.36,5.25,8.75,1.3,5,9,1.36,5,9,1.38,5.23,10.35,1.36,4.5,9,,,,1.36,5.2,10,47,1.38,1.36,5.5,4.9,10.35,9.2,46,1.81,1.74,2.17,2.08,30,-1.5,2.15,2.08,1.85,1.8
E0,2/5/2015,Sunderland,Southampton,2,1,H,1,1,D,M Jones,12,11,6,2,12,13,1,1,2,2,0,1,4.2,3.4,2.05,3.6,3.25,2.05,3.3,3.3,2.1,4,3.3,2.05,4.04,3.44,2.08,4,3.1,2.05,,,,4.2,3.3,2.05,47,4.2,3.92,3.43,3.28,2.11,2.05,41,2.47,2.37,1.64,1.57,29,0.5,1.88,1.83,2.1,2.04
E0,2/5/2015,Swansea,Stoke,2,0,H,0,0,D,C Pawson,16,9,4,3,9,18,6,2,1,2,0,1,2.3,3.4,3.4,2.3,3.1,3.2,2.2,3.2,3.2,2.15,3.3,3.5,2.28,3.43,3.45,2.3,3.2,3.2,,,,2.38,3.13,3.5,47,2.38,2.25,3.43,3.27,3.6,3.35,44,2.33,2.23,1.72,1.64,28,-0.25,1.96,1.92,1.99,1.95
E0,2/5/2015,West Ham,Burnley,1,0,H,1,0,H,J Moss,29,8,7,2,11,7,13,3,3,2,0,1,2.25,3.5,3.4,2.25,3.3,3.1,2.2,3.3,3.1,2.15,3.4,3.5,2.29,3.45,3.39,2.25,3.2,3.3,,,,2.25,3.4,3.5,47,2.29,2.22,3.5,3.34,3.6,3.36,47,2.15,2.04,1.83,1.77,28,-0.5,2.29,2.2,1.75,1.71
E0,3/5/2015,Chelsea,Crystal Palace,1,0,H,1,0,H,K Friend,17,8,7,1,12,13,3,6,2,2,0,0,1.36,5.25,10,1.36,5,9.25,1.35,4.8,7.6,1.33,5,10,1.35,5.32,10.82,1.36,4.8,8.5,,,,1.36,5,10.5,46,1.36,1.34,5.5,4.97,11,9.71,45,1.83,1.78,2.13,2.03,29,-1.5,2.12,2.06,1.88,1.82
E0,3/5/2015,Tottenham,Man City,0,1,A,0,1,A,A Marriner,21,15,5,4,6,11,8,7,3,4,0,0,3.75,3.75,2.05,3.6,3.6,2.05,3.6,3.3,2,3.5,3.75,2.05,3.69,3.81,2.07,3.75,3.3,2.05,,,,3.5,3.8,2.1,47,3.8,3.59,3.81,3.61,2.15,2.03,39,1.62,1.56,2.57,2.38,29,0.5,1.88,1.83,2.11,2.03
E0,4/5/2015,Hull,Arsenal,1,3,A,0,3,A,L Mason,8,22,1,9,8,11,0,5,2,0,0,0,5.5,4,1.7,5.25,3.8,1.7,,,,5.25,3.8,1.67,5.52,3.9,1.72,5.5,3.5,1.7,,,,5.5,3.8,1.73,45,5.6,5.25,4,3.72,1.75,1.7,45,2.08,1.96,1.93,1.84,26,1,1.73,1.66,2.4,2.27
E0,9/5/2015,Aston Villa,West Ham,1,0,H,1,0,H,L Mason,15,5,5,1,6,13,2,6,1,1,0,0,1.91,3.7,4.33,1.95,3.5,3.7,1.9,3.45,3.8,1.95,3.6,4,1.91,3.69,4.45,1.95,3.4,4,,,,1.95,3.5,4.33,48,1.95,1.9,3.7,3.53,4.45,4.13,46,2.04,1.95,1.95,1.85,29,-0.5,1.92,1.89,2.03,1.98
E0,9/5/2015,Crystal Palace,Man United,1,2,A,0,1,A,M Oliver,13,13,4,4,13,12,7,6,0,1,0,0,4.5,3.6,1.91,4.1,3.7,1.9,4.5,3.7,1.7,4.5,3.6,1.85,4.66,3.66,1.88,4.33,3.3,1.91,,,,4.75,3.6,1.87,32,4.75,4.36,3.78,3.51,1.95,1.85,30,2.11,2.04,1.85,1.77,12,0.75,1.8,1.77,2.16,2.12
E0,9/5/2015,Everton,Sunderland,0,2,A,0,0,D,L Probert,22,10,4,3,10,9,15,1,2,3,0,0,1.8,3.75,5,1.8,3.6,4.75,1.95,3.4,3.55,1.8,3.6,4.8,1.79,3.8,5.06,1.73,3.5,5,,,,1.8,3.6,5.2,48,1.95,1.77,3.8,3.59,5.2,4.82,45,2.17,2.08,1.81,1.75,28,-0.5,1.79,1.76,2.2,2.12
E0,9/5/2015,Hull,Burnley,0,1,A,0,0,D,M Atkinson,21,8,3,2,16,12,9,3,1,1,0,0,1.95,3.5,4.5,1.95,3.4,3.75,1.8,3.5,4.2,1.95,3.4,4.2,1.93,3.58,4.5,1.95,3.4,4,,,,1.9,3.5,4.75,48,1.95,1.91,3.64,3.43,4.75,4.27,44,2.3,2.17,1.76,1.68,29,-0.5,1.94,1.89,2.04,1.98
E0,9/5/2015,Leicester,Southampton,2,0,H,2,0,H,R East,10,10,3,3,12,10,4,8,1,0,0,0,2.6,3.4,2.9,2.6,3.25,2.65,2.4,3.3,2.75,2.62,3.4,2.75,2.62,3.35,2.94,2.62,3.1,2.8,,,,2.6,3.4,2.9,48,2.63,2.55,3.4,3.28,2.95,2.82,46,2.1,2.02,1.87,1.79,29,0,1.88,1.84,2.08,2.02
E0,9/5/2015,Newcastle,West Brom,1,1,D,1,1,D,C Foy,15,8,5,3,11,17,7,2,2,3,0,0,2.55,3.3,3,2.55,3.3,2.9,2.3,3.3,2.9,2.45,3.3,3,2.5,3.36,3.09,2.62,3.1,2.8,,,,2.6,3.2,3.1,48,2.62,2.48,3.4,3.24,3.1,2.95,45,2.25,2.16,1.79,1.69,29,0,1.81,1.76,2.2,2.11
E0,9/5/2015,Stoke,Tottenham,3,0,H,2,0,H,M Clattenburg,17,9,9,3,14,12,6,8,0,0,0,1,2.9,3.4,2.6,2.7,3.25,2.55,2.65,3.3,2.5,2.9,3.4,2.5,2.9,3.45,2.59,2.8,3.1,2.62,,,,2.9,3.4,2.6,48,2.97,2.84,3.45,3.3,2.63,2.52,46,2.01,1.93,1.93,1.87,29,0,2.1,2.04,1.87,1.82
E0,10/5/2015,Chelsea,Liverpool,1,1,D,1,1,D,A Marriner,8,15,3,4,13,11,6,4,4,3,0,0,2.1,3.5,3.8,2.1,3.3,3.8,2.1,3.3,3.3,2,3.4,3.9,2.1,3.44,3.96,2.1,3.2,3.75,,,,2.1,3.4,3.9,47,2.11,2.07,3.5,3.35,3.98,3.72,44,2.17,2.06,1.84,1.76,27,-0.25,1.82,1.78,2.16,2.1
E0,10/5/2015,Man City,QPR,6,0,H,2,0,H,M Dean,23,9,11,3,12,7,7,4,0,1,0,0,1.22,7.5,13,1.22,7.25,11.5,1.2,5.8,13,1.22,7,13,1.23,7.4,13.75,1.22,6,13,,,,1.22,7.5,15,48,1.23,1.21,7.8,6.86,15,12.56,40,1.39,1.36,3.3,3.08,31,-2,2.05,1.99,1.94,1.88
E0,11/5/2015,Arsenal,Swansea,0,1,A,0,0,D,K Friend,23,8,9,3,7,10,6,1,0,1,0,0,1.3,6,11,1.3,5.75,10,1.35,4.8,7.6,1.33,5.25,9.5,1.31,5.93,11.5,1.33,5,9,,,,1.33,5.5,11,45,1.35,1.3,6.2,5.47,12,10.29,36,1.63,1.58,2.49,2.35,28,-1.5,1.92,1.88,2.08,1.99
E0,16/05/15,Burnley,Stoke,0,0,D,0,0,D,M Oliver,11,11,4,3,14,9,7,6,1,2,0,0,2.7,3.3,2.88,2.65,3.2,2.65,2.75,3.3,2.4,2.62,3.3,2.9,2.61,3.39,2.92,2.7,3.1,2.7,,,,2.63,3.25,3,45,2.8,2.59,3.4,3.23,3,2.82,42,2.29,2.18,1.73,1.67,28,0,1.9,1.83,2.1,2.02
E0,16/05/15,Liverpool,Crystal Palace,1,3,A,1,1,D,J Moss,18,15,3,6,10,17,4,5,2,3,0,0,1.45,4.75,8,1.45,4.75,7,1.45,4,7,1.5,4.5,6.5,1.49,4.76,7.23,1.44,4.2,8,,,,1.45,4.75,7.5,44,1.5,1.45,4.8,4.48,8.2,7.27,42,1.75,1.68,2.3,2.16,28,-1,1.81,1.75,2.26,2.13
E0,16/05/15,QPR,Newcastle,2,1,H,0,1,A,L Probert,8,22,4,8,12,8,3,12,2,0,0,0,3.1,3.5,2.4,2.95,3.4,2.45,2.9,3.3,2.3,2.9,3.5,2.5,3.01,3.57,2.45,2.9,3.25,2.4,,,,3,3.5,2.45,45,3.1,2.93,3.65,3.45,2.5,2.38,44,1.8,1.74,2.19,2.09,27,0.25,1.85,1.81,2.12,2.06
E0,16/05/15,Southampton,Aston Villa,6,1,H,5,1,H,R Madley,18,9,11,4,19,7,6,3,1,1,0,0,1.75,3.8,5.25,1.78,3.5,4.5,1.75,3.5,4.5,1.75,3.75,5,1.76,3.83,5.25,1.75,3.5,5,,,,1.8,3.6,5.25,44,1.8,1.75,3.85,3.66,5.25,4.93,43,2.06,1.97,1.93,1.83,26,-0.75,2,1.95,1.96,1.92
E0,16/05/15,Sunderland,Leicester,0,0,D,0,0,D,M Atkinson,13,11,3,0,14,15,8,9,4,1,0,0,2.8,3.3,2.75,2.65,3.2,2.65,2.4,3.2,2.85,2.75,3.3,2.75,2.83,3.3,2.75,2.7,3.1,2.7,,,,2.8,3.3,2.75,45,2.83,2.71,3.36,3.22,2.85,2.7,43,2.13,2.04,1.86,1.76,28,0,2.01,1.94,1.96,1.91
E0,16/05/15,Tottenham,Hull,2,0,H,0,0,D,A Taylor,10,14,3,2,10,6,6,8,3,1,0,0,1.8,3.8,4.75,1.75,3.8,4.25,1.7,3.8,4.3,1.8,3.75,4.75,1.79,3.99,4.72,1.8,3.3,5,,,,1.75,4,4.75,45,1.83,1.77,4.05,3.78,5,4.57,43,1.86,1.77,2.18,2.04,27,-0.5,1.79,1.75,2.19,2.12
E0,16/05/15,West Ham,Everton,1,2,A,0,0,D,K Friend,13,21,3,5,12,14,7,8,1,4,0,0,2.9,3.4,2.6,2.65,3.2,2.6,2.6,3.2,2.6,2.8,3.4,2.62,2.99,3.5,2.51,2.8,3.1,2.6,,,,3,3.4,2.5,44,3,2.86,3.5,3.33,2.62,2.49,44,1.98,1.92,1.97,1.88,28,0,2.15,2.07,1.84,1.8
E0,17/05/15,Man United,Arsenal,1,1,D,1,0,H,M Dean,12,5,4,3,16,8,5,5,1,0,0,0,2.45,3.5,3,2.4,3.5,2.95,2.3,3.3,2.9,2.4,3.5,2.9,2.5,3.46,3.02,2.5,3.1,3,,,,2.45,3.5,3,45,2.52,2.41,3.52,3.37,3.13,2.95,43,1.85,1.79,2.11,2.01,27,-0.25,2.15,2.08,1.84,1.79
E0,17/05/15,Swansea,Man City,2,4,A,1,2,A,M Clattenburg,13,22,9,11,8,8,11,7,0,3,0,0,4.75,4.2,1.75,5,3.75,1.75,4.5,3.5,1.75,4.5,4,1.75,5.03,4.23,1.71,5,3.5,1.75,,,,5,4.1,1.73,45,5.03,4.79,4.23,3.92,1.8,1.71,40,1.68,1.63,2.38,2.25,27,0.75,2.02,1.96,1.94,1.9
E0,18/05/15,West Brom,Chelsea,3,0,H,1,0,H,M Jones,9,12,5,3,12,11,3,4,3,2,0,1,4.1,3.5,2,4,3.5,2,3.6,3.3,2,4,3.5,1.95,4.21,3.54,2,4,3.1,2.05,,,,4.2,3.5,2,44,4.21,3.94,3.56,3.41,2.05,1.99,43,2.12,2.05,1.84,1.76,27,0.5,1.94,1.88,2.02,1.98
E0,20/05/15,Arsenal,Sunderland,0,0,D,0,0,D,A Taylor,28,7,8,3,6,8,5,2,1,0,0,0,1.3,6,11,1.3,5.75,10,1.35,4.6,8.2,1.3,5.5,11,1.32,5.46,12.31,1.29,5.5,11,,,,1.29,6,13,43,1.35,1.29,6.2,5.5,13,10.83,35,1.67,1.6,2.47,2.3,28,-1.5,1.88,1.83,2.12,2.03
E0,24/05/15,Arsenal,West Brom,4,1,H,4,0,H,R Madley,24,14,13,5,6,7,7,3,1,0,0,0,1.4,5.25,8.5,1.4,4.75,7,1.4,4.4,7.3,1.36,5,9,1.43,4.91,8.53,1.4,4.5,8,,,,1.4,5,9,42,1.43,1.39,5.3,4.8,9,8.06,35,1.67,1.61,2.45,2.29,26,-1.5,2.21,2.12,1.85,1.76
E0,24/05/15,Aston Villa,Burnley,0,1,A,0,1,A,M Jones,16,6,5,3,9,6,7,2,1,2,0,0,2.1,3.6,3.75,2.1,3.5,3.25,2,3.3,3.6,2.1,3.4,3.6,2.12,3.67,3.65,2.1,3.3,3.5,,,,2.1,3.6,3.7,43,2.13,2.07,3.66,3.44,3.8,3.58,42,1.98,1.9,1.99,1.9,26,-0.5,2.13,2.08,1.83,1.8
E0,24/05/15,Chelsea,Sunderland,3,1,H,1,1,D,L Mason,24,17,8,9,12,8,11,3,2,1,0,0,1.36,5.25,9.5,1.36,5.25,8.75,1.3,5,9,1.36,5,9,1.36,5.33,10.43,1.36,4.5,10,,,,1.36,5.25,10.5,42,1.36,1.34,5.5,5.06,11,9.37,37,1.7,1.64,2.35,2.23,27,-1.5,2.06,2,1.92,1.86
E0,24/05/15,Crystal Palace,Swansea,1,0,H,0,0,D,C Pawson,13,5,7,2,22,13,7,3,3,0,0,0,2.25,3.6,3.3,2.2,3.2,3.3,2.1,3.3,3.3,2.2,3.5,3.2,2.21,3.7,3.38,2.3,3.2,3.2,,,,2.25,3.6,3.25,43,2.3,2.19,3.7,3.45,3.42,3.27,42,1.87,1.79,2.1,2.01,25,-0.25,1.94,1.89,2.02,1.97
E0,24/05/15,Everton,Tottenham,0,1,A,0,1,A,J Moss,9,16,1,3,12,8,3,5,1,2,0,0,2.4,3.6,3,2.35,3.4,2.85,2.4,3.3,2.75,2.4,3.4,3,2.31,3.72,3.12,2.4,3.1,3.1,,,,2.3,3.7,3.13,43,2.4,2.32,3.73,3.48,3.13,2.99,39,1.73,1.66,2.32,2.21,25,-0.25,2.08,2,1.91,1.87
E0,24/05/15,Hull,Man United,0,0,D,0,0,D,L Probert,16,7,6,1,12,15,8,1,2,2,0,1,3.2,3.75,2.25,3.2,3.6,2.2,2.85,3.6,2.2,3.25,3.5,2.2,3.22,3.71,2.27,3.2,3.3,2.25,,,,3.2,3.6,2.25,43,3.28,3.14,3.8,3.55,2.4,2.21,42,1.88,1.81,2.16,1.99,25,0.5,1.76,1.71,2.27,2.19
E0,24/05/15,Leicester,QPR,5,1,H,2,0,H,M Oliver,22,18,7,2,7,6,5,6,0,0,0,0,1.6,4.33,6,1.6,3.8,5.5,1.6,3.9,5,1.62,4,5.5,1.57,4.57,6.02,1.62,3.8,5.5,,,,1.57,4.5,6,43,1.65,1.56,4.57,4.21,6.2,5.71,34,1.59,1.55,2.65,2.41,28,-1,1.98,1.93,1.98,1.93
E0,24/05/15,Man City,Southampton,2,0,H,1,0,H,C Foy,15,13,6,4,13,8,8,4,1,1,0,0,1.57,4.5,6,1.55,4,5.75,1.5,4,6.1,1.57,4.2,6,1.6,4.62,5.59,1.57,3.8,6,,,,1.57,4.6,5.75,43,1.6,1.56,4.75,4.27,6.3,5.61,37,1.5,1.45,2.83,2.66,28,-1,2,1.94,2.03,1.93
E0,24/05/15,Newcastle,West Ham,2,0,H,0,0,D,M Atkinson,17,4,4,1,9,9,2,3,2,1,0,0,1.83,4,4.33,1.8,3.9,4.4,1.65,3.8,4.6,1.8,3.75,4.5,1.79,4,4.69,1.8,3.5,4.5,,,,1.8,4,4.6,43,1.83,1.77,4.2,3.84,4.7,4.42,38,1.7,1.64,2.4,2.25,25,-0.5,1.82,1.78,2.2,2.1
E0,24/05/15,Stoke,Liverpool,6,1,H,5,0,H,A Taylor,15,13,9,4,13,4,3,9,4,2,0,0,3.5,3.6,2.15,3.25,3.4,2.15,3.3,3.3,2.1,3.3,3.5,2.2,3.51,3.7,2.15,3.3,3.3,2.2,,,,3.5,3.6,2.15,42,3.64,3.42,3.71,3.48,2.2,2.12,41,1.87,1.81,2.14,1.99,25,0.25,2.07,2.02,1.88,1.85
